GeneID,Base mean,log2(FC),StdErr,Wald-Stats,P-value,P-adj,Chromosome,Start,End,Strand,Feature,Gene name
ENSMUSG00000029054.9,49.8813454956061,1.46467353786772,0.278527530804239,5.25863110780657,1.45131694946978e-07,0.0038808215228821,chr4,155469436,155482569,-,,Gabrd
ENSMUSG00000056032.13,133.412834811468,-2.58256012100245,0.481402658504805,-5.36465695686779,8.11032085951523e-08,0.0038808215228821,chr11,116642992,116650199,+,,BC018473
ENSMUSG00000111709.2,53.4235868146114,1.91456630041672,0.402007829242695,4.76250998400552,1.91199734677454e-06,0.0255634045263755,chr9,78164410,78176448,+,,Gsta13
ENSMUSG00000143907.1,70.6649992695545,2.24469747527606,0.470398553597528,4.77190556414128,1.82491070399107e-06,0.0255634045263755,chr11,105919120,105924288,-,,ENSMUSG00000143907
ENSMUSG00000035299.18,975.046330148238,1.77028269772673,0.385487010278427,4.59232775819891,4.38329241539589e-06,0.0468836956750745,chrX,168468194,168773794,+,,Mid1
