GeneID,Base mean,log2(FC),StdErr,Wald-Stats,P-value,P-adj,Chromosome/scaffold name,Gene start (bp),Gene end (bp),Strand,Gene name
ENSMUSG00000020405,1175.66734049156,-1.55997349163076,0.217928220387372,-7.15819864383726,8.17440489717678e-13,1.27291833058837e-09,11,43486876,43492367,-1,Fabp6
ENSMUSG00000026450,221.54606161329,-1.26167779545358,0.199180433581231,-6.3343460638619,2.38350000008857e-10,2.08729321335728e-07,1,134038980,134079278,1,Chit1
ENSMUSG00000109936,99.957359390636,-1.04884753749731,0.191946990056719,-5.46425623651291,4.64851668699659e-08,3.2903046295414e-05,7,141836947,141844155,1,Gm45889
ENSMUSG00000032083,108.575584349115,-1.14741151557335,0.215073915630856,-5.33496362033378,9.55637152407732e-08,6.20049239053883e-05,9,46139878,46141764,1,Apoa1
