GeneID,Base mean,log2(FC),StdErr,Wald-Stats,P-value,P-adj,Chromosome/scaffold name,Gene start (bp),Gene end (bp),Strand,Gene name,Gene description
ENSMUSG00000021565,15889.6795126538,0.752001305850905,0.136389889460608,5.51361474684745,3.51537657823742e-08,0.0009991403310666,13,73827864,73852984,-1,Slc6a19,"solute carrier family 6 (neurotransmitter transporter), member 19 [Source:MGI Symbol;Acc:MGI:1921588]"
ENSMUSG00000020405,118625.262366735,0.597260952816137,0.12073186426943,4.94700348106333,7.53646292667894e-07,0.0107100674651034,11,43486876,43492367,-1,Fabp6,fatty acid binding protein 6 [Source:MGI Symbol;Acc:MGI:96565]
ENSMUSG00000037071,1040364.78082601,-0.605933765103395,0.128473682777842,-4.71640379571888,2.40049793105838e-06,0.0227423173988471,19,44382894,44396318,-1,Scd1,stearoyl-Coenzyme A desaturase 1 [Source:MGI Symbol;Acc:MGI:98239]
ENSMUSG00000020080,84011.1535853126,0.539609027507625,0.119960902802911,4.49820745675922,6.85288105155356e-06,0.0486931463118139,10,62218916,62258270,-1,Hkdc1,hexokinase domain containing 1 [Source:MGI Symbol;Acc:MGI:2384910]
