GeneID,Base mean,log2(FC),StdErr,Wald-Stats,P-value,P-adj,Chromosome/scaffold name,Gene start (bp),Gene end (bp),Strand,Gene name,Gene description
ENSMUSG00000024041,155.476554472855,-10.459314779454,1.00065431790375,-10.4524755375712,1.4274966137952502e-25,7.13748306897627e-25,17,31896781,31900707,1,Cryaa,"crystallin, alpha A [Source:MGI Symbol;Acc:MGI:88515]"
ENSMUSG00000086594,111.137115075207,10.0890127002041,0.990889153997198,10.1817773052672,2.3915289200778102e-24,4.29057756089454e-24,17,59253145,59372633,1,Nudt12os,"nudix hydrolase 12, opposite strand [Source:MGI Symbol;Acc:MGI:1922289]"
ENSMUSG00000112014,111.453790857907,10.0888092068139,0.991567369732614,10.1746079134637,2.5743465365367302e-24,4.29057756089454e-24,10,121186365,121187549,1,Gm48435,"predicted gene, 48435 [Source:MGI Symbol;Acc:MGI:6097938]"
ENSMUSG00000120557,90.6574054945504,-9.68936570843866,1.01277499098284,-9.5671455108066,1.09897972073732e-21,1.37372465092165e-21,10,79676683,79677543,1,Gm56961,"predicted gene, 56961 [Source:MGI Symbol;Acc:MGI:7337835]"
ENSMUSG00000084127,65.8014808191814,9.33574317105101,1.00793671335466,9.26223149465346,2.00203564540751e-20,2.00203564540751e-20,4,146176524,146178203,1,Gm13169,predicted gene 13169 [Source:MGI Symbol;Acc:MGI:3651793]
