GeneID,Base mean,log2(FC),StdErr,Wald-Stats,P-value,P-adj,Chromosome/scaffold name,Gene start (bp),Gene end (bp),Strand,Gene name
ENSMUSG00000118841,2987.54566191601,2.53097994003594,0.471568112777765,5.3671566661436,7.99875745184599e-08,0.0019907307546154,12,69407956,69408255,-1,Rn7s2
ENSMUSG00000056032,135.082068783269,2.426283512173,0.466180709402474,5.20459869582095,1.94416277202982e-07,0.0024193161535139,11,116642993,116650199,1,BC018473
ENSMUSG00000029054,50.2613886182157,-1.49505959136902,0.303939546190516,-4.91893736799845,8.70153043079445e-07,0.007218789645387,4,155469437,155482569,-1,Gabrd
